{
    "position": {
        "x": -344.0161437988281,
        "y": 159.73280334472657
    }
}