{
    "position": {
        "x": 537.725341796875,
        "y": -115.45664978027344
    }
}